{
  "train_loss": [
    1.614903536709872,
    0.5866851766001094,
    0.08534682982347229,
    0.018227328461679546,
    0.006796144287694584,
    0.005496778186749329,
    0.004588774426586248,
    0.004258178999986161,
    0.004367632749067111,
    0.004110303538089449,
    0.003990188452669166,
    0.00308912923686545,
    0.002660864022221755,
    0.0021098939469084144,
    0.0016832911007275636,
    0.0020351111465557055
  ],
  "train_acc": [
    74.85119047619048,
    100.0,
    100.0,
    100.0,
    100.0,
    100.0,
    100.0,
    100.0,
    100.0,
    100.0,
    100.0,
    100.0,
    100.0,
    100.0,
    100.0,
    100.0
  ],
  "val_loss": [
    1.0056294600168865,
    0.16042878230412802,
    0.01692660308132569,
    0.0046315422126402455,
    0.0026055113412439823,
    0.0020349459955468774,
    0.0018064201964686315,
    0.0016985237210368116,
    0.0016507991046334307,
    0.0016356375611697633,
    0.0012459974192703764,
    0.0009570020095755657,
    0.0007691232409949104,
    0.000635213335044682,
    0.0005406149236174921,
    0.0004650857299566269
  ],
  "val_acc": [
    100.0,
    100.0,
    100.0,
    100.0,
    100.0,
    100.0,
    100.0,
    100.0,
    100.0,
    100.0,
    100.0,
    100.0,
    100.0,
    100.0,
    100.0,
    100.0
  ],
  "lr": [
    0.0009757729755661011,
    0.000905463412215599,
    0.0007959536998847742,
    0.000657963412215599,
    0.000505,
    0.0003520365877844011,
    0.00021404630011522585,
    0.00010453658778440107,
    3.4227024433899005e-05,
    0.001,
    0.0009939057285945933,
    0.0009757729755661011,
    0.0009460482294732421,
    0.000905463412215599,
    0.000855017856687341,
    0.0007959536998847742
  ]
}