{
  "train_loss": [
    0.4126944758675315,
    0.14648201045664874,
    0.032789371061054146,
    0.009524771859022703,
    0.00492672495205294,
    0.003046953532082791,
    0.0029501757923174987,
    0.0027885659047487106,
    0.002591230102222074,
    0.0024682319913567467,
    0.00198452207471498,
    0.0016424856730736792,
    0.0010896241451105611,
    0.0011025921293449674,
    0.0006491108136039904,
    0.0005754092311359603,
    0.0005699268314691091
  ],
  "train_acc": [
    77.42857142857143,
    99.42857142857143,
    99.85714285714286,
    100.0,
    100.0,
    100.0,
    100.0,
    100.0,
    100.0,
    100.0,
    100.0,
    100.0,
    100.0,
    100.0,
    100.0,
    100.0,
    100.0
  ],
  "val_loss": [
    0.2210497409105301,
    0.04919896895686785,
    0.012068334346016249,
    0.004608860161776344,
    0.002804695124117037,
    0.002172500438367327,
    0.0019193279246489208,
    0.0018724950302081804,
    0.0018353892179826896,
    0.001822665217332542,
    0.0013821815373376012,
    0.001018231618218124,
    0.0008075266669038683,
    0.0006395498057827353,
    0.0005354219077465435,
    0.0004609225773795818,
    0.00040545389250231284
  ],
  "val_acc": [
    98.66666666666667,
    100.0,
    100.0,
    100.0,
    100.0,
    100.0,
    100.0,
    100.0,
    100.0,
    100.0,
    100.0,
    100.0,
    100.0,
    100.0,
    100.0,
    100.0,
    100.0
  ],
  "lr": [
    0.0009757729755661011,
    0.000905463412215599,
    0.0007959536998847742,
    0.000657963412215599,
    0.000505,
    0.0003520365877844011,
    0.00021404630011522585,
    0.00010453658778440107,
    3.4227024433899005e-05,
    0.001,
    0.0009939057285945933,
    0.0009757729755661011,
    0.0009460482294732421,
    0.000905463412215599,
    0.000855017856687341,
    0.0007959536998847742,
    0.0007297252973710757
  ]
}