{
  "feature_columns": [
    "f0",
    "f1",
    "f2",
    "f3",
    "f4",
    "f5",
    "f6",
    "f7",
    "f8",
    "f9",
    "f10",
    "f11",
    "f12",
    "f13",
    "f14",
    "f15",
    "f16",
    "f17",
    "f18",
    "f19",
    "f20",
    "f21",
    "f22",
    "f23",
    "f24",
    "f25",
    "f26",
    "f27",
    "f28",
    "f29",
    "f30",
    "f31",
    "f32",
    "f33",
    "f34",
    "f35",
    "f36",
    "f37",
    "f38",
    "f39",
    "f40",
    "f41",
    "f42",
    "f43",
    "f44",
    "f45",
    "f46",
    "f47",
    "f48",
    "f49",
    "f50",
    "f51",
    "f52",
    "f53",
    "f54",
    "f55",
    "f56",
    "f57",
    "f58",
    "f59",
    "f60",
    "f61",
    "f62",
    "f63"
  ],
  "mean": [
    0.7550696730613708,
    0.7475787401199341,
    0.7449072003364563,
    0.7524029016494751,
    0.7629508972167969,
    0.7504671812057495,
    0.7279494404792786,
    0.7571182250976562,
    0.7769268155097961,
    0.7899829745292664,
    0.7740076780319214,
    0.7591924071311951,
    0.7873556613922119,
    0.7583467960357666,
    0.7540978789329529,
    0.7453109622001648,
    0.7937753200531006,
    0.8028683066368103,
    0.7613976001739502,
    0.774706244468689,
    0.7678525447845459,
    0.7888965606689453,
    0.7708131670951843,
    0.8067063093185425,
    0.8273878693580627,
    0.8128566741943359,
    0.8276678919792175,
    0.8138482570648193,
    0.8125656247138977,
    0.8135967254638672,
    0.8250676393508911,
    0.8077709674835205,
    0.8456097841262817,
    0.8336343765258789,
    0.8202760219573975,
    0.810816764831543,
    0.8244699835777283,
    0.8188877105712891,
    0.822306215763092,
    0.821696400642395,
    0.8362373113632202,
    0.8500908017158508,
    0.8575384616851807,
    0.8526449799537659,
    0.8611394166946411,
    0.8623672723770142,
    0.8529077172279358,
    0.8556651473045349,
    0.8438413143157959,
    0.8808942437171936,
    0.8479338884353638,
    0.8593853116035461,
    0.8268751502037048,
    0.8738572597503662,
    0.8680813908576965,
    0.8877384066581726,
    0.42056408524513245,
    0.4008060395717621,
    0.40536758303642273,
    0.40090444684028625,
    0.4087088704109192,
    0.4246864318847656,
    0.41481590270996094,
    0.39854896068573
  ],
  "std": [
    0.8951785564422607,
    0.9381171464920044,
    0.9077298045158386,
    0.8914310336112976,
    0.8949314951896667,
    0.9098907113075256,
    0.9041547179222107,
    0.9039418697357178,
    1.0033669471740723,
    0.9958862662315369,
    0.9955651760101318,
    1.0046167373657227,
    1.0080381631851196,
    1.022158145904541,
    1.0037665367126465,
    0.981550395488739,
    1.0800262689590454,
    1.082112431526184,
    1.0992871522903442,
    1.0916059017181396,
    1.0729403495788574,
    1.0757462978363037,
    1.1005007028579712,
    1.081321120262146,
    1.1908427476882935,
    1.1509543657302856,
    1.1694458723068237,
    1.1638306379318237,
    1.18458092212677,
    1.1688828468322754,
    1.1612145900726318,
    1.1668853759765625,
    1.2530909776687622,
    1.217274785041809,
    1.229059100151062,
    1.2226961851119995,
    1.2189241647720337,
    1.2399543523788452,
    1.2428526878356934,
    1.256392478942871,
    1.3168771266937256,
    1.3395261764526367,
    1.3345513343811035,
    1.3204373121261597,
    1.304430603981018,
    1.328583002090454,
    1.3228200674057007,
    1.306013822555542,
    1.4143147468566895,
    1.416813850402832,
    1.4178105592727661,
    1.4107465744018555,
    1.4153906106948853,
    1.4189954996109009,
    1.4108034372329712,
    1.4520014524459839,
    0.5285157561302185,
    0.5027117133140564,
    0.4934891164302826,
    0.5368096232414246,
    0.5096372365951538,
    0.5199714303016663,
    0.5049300789833069,
    0.5218423008918762
  ]
}